{"public/assets/static/arrow-long-down.svg":"/assets/static/arrow-long-down.svg","public/assets/static/arrow-long-right-blue.svg":"/assets/static/arrow-long-right-blue.svg","public/assets/static/arrow-long-right-red.svg":"/assets/static/arrow-long-right-red.svg","public/assets/static/arrow-long-right-white.svg":"/assets/static/arrow-long-right-white.svg","public/assets/static/favicon-blue/.DS_Store":"/assets/static/favicon-blue/.DS_Store","public/assets/static/favicon-blue/android-icon-192x192.png":"/assets/static/favicon-blue/android-icon-192x192.png","public/assets/static/favicon-blue/anleitung.txt":"/assets/static/favicon-blue/anleitung.txt","public/assets/static/favicon-blue/apple-icon-114x114.png":"/assets/static/favicon-blue/apple-icon-114x114.png","public/assets/static/favicon-blue/apple-icon-120x120.png":"/assets/static/favicon-blue/apple-icon-120x120.png","public/assets/static/favicon-blue/apple-icon-144x144.png":"/assets/static/favicon-blue/apple-icon-144x144.png","public/assets/static/favicon-blue/apple-icon-152x152.png":"/assets/static/favicon-blue/apple-icon-152x152.png","public/assets/static/favicon-blue/apple-icon-180x180.png":"/assets/static/favicon-blue/apple-icon-180x180.png","public/assets/static/favicon-blue/apple-icon-57x57.png":"/assets/static/favicon-blue/apple-icon-57x57.png","public/assets/static/favicon-blue/apple-icon-60x60.png":"/assets/static/favicon-blue/apple-icon-60x60.png","public/assets/static/favicon-blue/apple-icon-72x72.png":"/assets/static/favicon-blue/apple-icon-72x72.png","public/assets/static/favicon-blue/apple-icon-76x76.png":"/assets/static/favicon-blue/apple-icon-76x76.png","public/assets/static/favicon-blue/browserconfig.xml":"/assets/static/favicon-blue/browserconfig.xml","public/assets/static/favicon-blue/favicon-16x16.png":"/assets/static/favicon-blue/favicon-16x16.png","public/assets/static/favicon-blue/favicon-256x256.png":"/assets/static/favicon-blue/favicon-256x256.png","public/assets/static/favicon-blue/favicon-32x32.png":"/assets/static/favicon-blue/favicon-32x32.png","public/assets/static/favicon-blue/favicon-96x96.png":"/assets/static/favicon-blue/favicon-96x96.png","public/assets/static/favicon-blue/favicon.ico":"/assets/static/favicon-blue/favicon.ico","public/assets/static/favicon-blue/favicon.svg":"/assets/static/favicon-blue/favicon.svg","public/assets/static/favicon-blue/ms-icon-144x144.png":"/assets/static/favicon-blue/ms-icon-144x144.png","public/assets/static/favicon-blue/ms-icon-150x150.png":"/assets/static/favicon-blue/ms-icon-150x150.png","public/assets/static/favicon-blue/ms-icon-310x310.png":"/assets/static/favicon-blue/ms-icon-310x310.png","public/assets/static/favicon-blue/ms-icon-70x70.png":"/assets/static/favicon-blue/ms-icon-70x70.png","public/assets/static/favicon-red/.DS_Store":"/assets/static/favicon-red/.DS_Store","public/assets/static/favicon-red/android-icon-192x192.png":"/assets/static/favicon-red/android-icon-192x192.png","public/assets/static/favicon-red/anleitung.txt":"/assets/static/favicon-red/anleitung.txt","public/assets/static/favicon-red/apple-icon-114x114.png":"/assets/static/favicon-red/apple-icon-114x114.png","public/assets/static/favicon-red/apple-icon-120x120.png":"/assets/static/favicon-red/apple-icon-120x120.png","public/assets/static/favicon-red/apple-icon-144x144.png":"/assets/static/favicon-red/apple-icon-144x144.png","public/assets/static/favicon-red/apple-icon-152x152.png":"/assets/static/favicon-red/apple-icon-152x152.png","public/assets/static/favicon-red/apple-icon-180x180.png":"/assets/static/favicon-red/apple-icon-180x180.png","public/assets/static/favicon-red/apple-icon-57x57.png":"/assets/static/favicon-red/apple-icon-57x57.png","public/assets/static/favicon-red/apple-icon-60x60.png":"/assets/static/favicon-red/apple-icon-60x60.png","public/assets/static/favicon-red/apple-icon-72x72.png":"/assets/static/favicon-red/apple-icon-72x72.png","public/assets/static/favicon-red/apple-icon-76x76.png":"/assets/static/favicon-red/apple-icon-76x76.png","public/assets/static/favicon-red/browserconfig.xml":"/assets/static/favicon-red/browserconfig.xml","public/assets/static/favicon-red/favicon-16x16.png":"/assets/static/favicon-red/favicon-16x16.png","public/assets/static/favicon-red/favicon-256x256.png":"/assets/static/favicon-red/favicon-256x256.png","public/assets/static/favicon-red/favicon-32x32.png":"/assets/static/favicon-red/favicon-32x32.png","public/assets/static/favicon-red/favicon-96x96.png":"/assets/static/favicon-red/favicon-96x96.png","public/assets/static/favicon-red/favicon.ico":"/assets/static/favicon-red/favicon.ico","public/assets/static/favicon-red/favicon.svg":"/assets/static/favicon-red/favicon.svg","public/assets/static/favicon-red/ms-icon-144x144.png":"/assets/static/favicon-red/ms-icon-144x144.png","public/assets/static/favicon-red/ms-icon-150x150.png":"/assets/static/favicon-red/ms-icon-150x150.png","public/assets/static/favicon-red/ms-icon-310x310.png":"/assets/static/favicon-red/ms-icon-310x310.png","public/assets/static/favicon-red/ms-icon-70x70.png":"/assets/static/favicon-red/ms-icon-70x70.png","public/assets/static/favicon.ico":"/assets/static/favicon.ico","public/assets/static/heribert-links.png":"/assets/static/heribert-links.png","public/assets/static/heribert-rechts.png":"/assets/static/heribert-rechts.png","public/assets/static/heribert.jpg":"/assets/static/heribert.jpg","public/assets/static/icon-search.svg":"/assets/static/icon-search.svg","public/assets/static/innoq-logo--bluered.svg":"/assets/static/innoq-logo--bluered.svg","public/assets/static/innoq-logo--whiteblue.svg":"/assets/static/innoq-logo--whiteblue.svg","public/assets/static/innoq-logo--whitered.svg":"/assets/static/innoq-logo--whitered.svg","public/assets/static/podcast-channel-cover-01.jpg":"/assets/static/podcast-channel-cover-01.jpg","public/assets/static/podcast-channel-cover-02.jpg":"/assets/static/podcast-channel-cover-02.jpg","public/assets/static/robert_podcast.png":"/assets/static/robert_podcast.png","public/assets/static/robert_podcast_left.png":"/assets/static/robert_podcast_left.png","public/assets/static/visual-header-girl-1440.jpg":"/assets/static/visual-header-girl-1440.jpg","public/assets/static/visual-header-girl.jpg":"/assets/static/visual-header-girl.jpg","public/assets/static/visual-header-ice.jpg":"/assets/static/visual-header-ice.jpg","public/assets/static/visual-header-igel-1440.jpg":"/assets/static/visual-header-igel-1440.jpg","public/assets/static/visual-header-igel.jpg":"/assets/static/visual-header-igel.jpg","public/assets/static/visual-header-koralle.jpg":"/assets/static/visual-header-koralle.jpg","public/assets/static/visual-header-landing-page.jpg":"/assets/static/visual-header-landing-page.jpg","public/assets/static/visual-header-medusa.jpg":"/assets/static/visual-header-medusa.jpg","public/assets/static/visual-podcastdetail-test-02.svg":"/assets/static/visual-podcastdetail-test-02.svg","public/assets/static/visual-podcastdetail-test-03.svg":"/assets/static/visual-podcastdetail-test-03.svg","public/assets/static/visual-podcastdetail-test-04.svg":"/assets/static/visual-podcastdetail-test-04.svg","public/assets/static/visual-podcastdetail-test_01.svg":"/assets/static/visual-podcastdetail-test_01.svg","public/assets/static/visual-trainings-01.jpg":"/assets/static/visual-trainings-01.jpg"}
